title,info,img,cat
Amaro,172A,tec_amara-172A.jpg,tecido
Argila,163B,tec_argila-163B.jpg,tecido
Arroz,149A,tec_arroz-149A.jpg,tecido
Brisa,138B,tec_brisa-138B.jpg,tecido
Brisa Desenhado,137B,tec_brisadesenhado-137B.jpg,tecido
Cacau,164B,tec_cacau-164B.jpg,tecido
Camurça,175A,tec_camurca-175A.jpg,tecido
Caqui,139B,tec_caqui-139B.jpg,tecido
Cinza Urbano,141A,tec_cinza-urbano-141A.jpg,tecido
Cobre,147A,tec_cobre-147A.jpg,tecido
Corino Gelo,106A,tec_corino-gelo-106A.jpg,tecido
Corino Preto,107A,tec_corino-preto-107A.jpg,tecido
Duna,126B,tec_duna-126B.jpg,tecido
Duquesa,145A,tec_duquesa-145A.jpg,tecido
Fortuna,142A,tec_fortuna-142A.jpg,tecido
Fumaça,162B,tec_fumaca-162B.jpg,tecido
Glacê,35A,tec_glace-35A.jpg,tecido
Glacê Floral,36A,tec_glace-floral-36A.jpg,tecido
Grafite,152A,tec_grafite-152A.jpg,tecido
Grinalda,140A,tec_grinalda-140A.jpg,tecido
Ibiza,135B,tec_ibiza-135B.jpg,tecido
Ibiza Cinza,136B,tec_ibizacinza-136B.jpg,tecido
Licor,170B,tec_licor-170B.jpg,tecido
Luxo,148A,tec_luxo-148A.jpg,tecido
Machê,167B,tec_mache-167B.jpg,tecido
Machê Desenhado,168B,tec_machedesenhado-168B.jpg,tecido
Marfim,165B,tec_marfim-165B.jpg,tecido
Mascavo,160B,tec_mascavo-160B.jpg,tecido
Miragem,127B,tec_miragem-127B.jpg,tecido
Nata,156B,tec_nata-156B.jpg,tecido
Ópera,166B,tec_opera-166B.jpg,tecido
Oriente,146A,tec_oriente-146A.jpg,tecido
Pedra,155B,tec_pedra-155B.jpg,tecido
Pedra Natural,154B,tec_pedranatural-154B.jpg,tecido
Pérola,151A,tec_perola-151A.jpg,tecido
Pétala,150A,tec_petala-150A.jpg,tecido
Preá,161B,tec_prea-161B.jpg,tecido
Rosa,169B,tec_rosa-169B.jpg,tecido
Sarja,125B,tec_sarja-125B.jpg,tecido
Trigo,173A,tec_trigo-173A.jpg,tecido
Tule,157B,tec_tule-157B.jpg,tecido
Verde,171B,tec_verde-171B.jpg,tecido
Vime,172A,tec_vime-172A.jpg,tecido
Amêndoa,,amendoa.jpg,acab
Capuccino,,capuccino.jpg,acab
Demonstração da Lâmina de Cinamomo na cor Amêndoa,Esta lâmina é utilizada apenas em alguns produtos. Checar disponibilidade.,cinamomo.jpg,acab
Pinhão,,pinhao.jpg,acab
Fendi claro,,vidro_laca-fendi-claro.jpg,vidro
Preto,,vidro_laca-preto.jpg,vidro