img,size,title
brava.jpg,0036 • Cadeira Brava A90 L46 P50,Cadeira Brava
campeche.jpg,7081  • Cadeira Campeche sem braço A99 L48 P54,Cadeira Campeche
capri.jpg,0035 • Cadeira Capri Estofada A91 L54 P60,Cadeira Capri 
farol.jpg,5580 • Cadeira Farol A84 L44 P48,Cadeira Farol
gales.jpg,7264  • Cadeira Galés sem braço A99 L48 P54,Cadeira Galés
garopaba-est.jpg,5510 Cadeira Garopaba encosto Estofado A82 L42 P49,Cadeira Garopaba
garopaba-rip.jpg,5511 • Cadeira Garopaba encosto Ripado A82 L42 P49,Cadeira Garopaba
guarapari.jpg,7745 • Cadeira Guarapari Estofada A90 L46 P52,Cadeira Guarapari
itaguacu.jpg,7202 • Cadeira Itaguaçu sem braço A99 L48 P54,Cadeira Itaguaçu
jureia.jpg,0031 • Cadeira Jureia II estofada A100 L57 P59,Cadeira Jureia II
jurere.jpg,7307 • Cadeira Jurereê sem braço A99 L48 P54,Cadeira Jurereê
laguna.jpg,4441 • Cadeira Laguna ripada A91 L42 P46,Cadeira Laguna ripada
maragogi.jpg,3910 • Cadeira Maragogi A90 L42 P46,Cadeira Maragogi
pajucara.jpg,7216 • Cadeira Pajuçara sem braço A99 L48 P54,Cadeira Pajuçara
pirangi.jpg,7460 • Cadeira Pirangi A90 L46 P56,Cadeira Pirangi
sauipe.jpg,4221 • Cadeira Sauípe Estofada A90 L47 P57,Cadeira Sauípe
sol-frente.jpg,1610 • Cadeira Sol Estofada A80 L53 P59,Cadeira Sol
ubatuba.jpg,7740 Cadeira Ubatuba Estofada A90 L46 P52,Cadeira Ubatuba